{
    "ShroomForwardFormer": {
        "overall metrics": {
            "accuracy": 0.7033333333333334,
            "precision": 0.5857605177993528,
            "recall": 0.6569872958257713,
            "f1": 0.6193327630453378,
            "cm": [
                [
                    362,
                    189
                ],
                [
                    256,
                    693
                ]
            ]
        },
        "task metrics": {
            "DM": {
                "accuracy": 0.6476868327402135,
                "precision": 0.5879396984924623,
                "recall": 0.8731343283582089,
                "f1": 0.7027027027027027,
                "cm": [
                    [
                        234,
                        34
                    ],
                    [
                        164,
                        130
                    ]
                ]
            },
            "MT": {
                "accuracy": 0.7477797513321492,
                "precision": 0.78125,
                "recall": 0.4672897196261682,
                "f1": 0.5847953216374269,
                "cm": [
                    [
                        100,
                        114
                    ],
                    [
                        28,
                        321
                    ]
                ]
            },
            "PG": {
                "accuracy": 0.72,
                "precision": 0.30434782608695654,
                "recall": 0.4057971014492754,
                "f1": 0.3478260869565218,
                "cm": [
                    [
                        28,
                        41
                    ],
                    [
                        64,
                        242
                    ]
                ]
            }
        }
    },
    "SentenceBert": {
        "overall metrics": {
            "accuracy": 0.7333333333333333,
            "precision": 0.668903803131991,
            "recall": 0.542649727767695,
            "f1": 0.5991983967935872,
            "cm": [
                [
                    299,
                    252
                ],
                [
                    148,
                    801
                ]
            ]
        },
        "task metrics": {
            "DM": {
                "accuracy": 0.6814946619217082,
                "precision": 0.636085626911315,
                "recall": 0.7761194029850746,
                "f1": 0.6991596638655463,
                "cf": [
                    [
                        208,
                        60
                    ],
                    [
                        119,
                        175
                    ]
                ]
            },
            "MT": {
                "accuracy": 0.7371225577264654,
                "precision": 0.9459459459459459,
                "recall": 0.32710280373831774,
                "f1": 0.48611111111111105,
                "cf": [
                    [
                        70,
                        144
                    ],
                    [
                        4,
                        345
                    ]
                ]
            },
            "PG": {
                "accuracy": 0.8053333333333333,
                "precision": 0.45652173913043476,
                "recall": 0.30434782608695654,
                "f1": 0.36521739130434777,
                "cf": [
                    [
                        21,
                        48
                    ],
                    [
                        25,
                        281
                    ]
                ]
            }
        }
    },
    "ShroomFormerV2": {
        "overall metrics": {
            "accuracy": 0.6906666666666667,
            "precision": 0.5642540620384048,
            "recall": 0.6932849364791288,
            "f1": 0.6221498371335504,
            "cm": [
                [
                    382,
                    169
                ],
                [
                    295,
                    654
                ]
            ]
        },
        "task metrics": {
            "DM": {
                "accuracy": 0.6245551601423488,
                "precision": 0.5696821515892421,
                "recall": 0.8694029850746269,
                "f1": 0.6883308714918759,
                "cm": [
                    [
                        233,
                        35
                    ],
                    [
                        176,
                        118
                    ]
                ]
            },
            "MT": {
                "accuracy": 0.7495559502664298,
                "precision": 0.7354838709677419,
                "recall": 0.5327102803738317,
                "f1": 0.6178861788617885,
                "cm": [
                    [
                        114,
                        100
                    ],
                    [
                        41,
                        308
                    ]
                ]
            },
            "PG": {
                "accuracy": 0.7013333333333334,
                "precision": 0.30973451327433627,
                "recall": 0.5072463768115942,
                "f1": 0.3846153846153846,
                "cm": [
                    [
                        35,
                        34
                    ],
                    [
                        78,
                        228
                    ]
                ]
            }
        }
    }
}